{
  "project_info": {
    "project_number": "888142992160",
    "firebase_url": "https://gestionproyecto-ae969-default-rtdb.europe-west1.firebasedatabase.app",
    "project_id": "gestionproyecto-ae969",
    "storage_bucket": "gestionproyecto-ae969.firebasestorage.app"
  },
  "client": [
    {
      "client_info": {
        "mobilesdk_app_id": "1:888142992160:android:f8dca2246fd69eca32bd45",
        "android_client_info": {
          "package_name": "com.example.gestionpersonal"
        }
      },
      "oauth_client": [
        {
          "client_id": "888142992160-dtfh86ust602ajv69aon4cn6duut5cmb.apps.googleusercontent.com",
          "client_type": 1,
          "android_info": {
            "package_name": "com.example.gestionpersonal",
            "certificate_hash": "61b0a17fee69fe9616eea9794a19c6d3348e6f4e"
          }
        },
        {
          "client_id": "888142992160-fvcjdqbfpf5bjkj770t8jt1o51kcu3nf.apps.googleusercontent.com",
          "client_type": 3
        }
      ],
      "api_key": [
        {
          "current_key": "AIzaSyCfMpg8Njnj4a954JGzUHacSXSDI3vbsW4"
        }
      ],
      "services": {
        "appinvite_service": {
          "other_platform_oauth_client": [
            {
              "client_id": "888142992160-fvcjdqbfpf5bjkj770t8jt1o51kcu3nf.apps.googleusercontent.com",
              "client_type": 3
            }
          ]
        }
      }
    }
  ],
  "configuration_version": "1"
}